title,price,type
Shop on eBay,20.0,or Best Offer
Genuine OEM Epson Original Projector Bulb Lamp for JVC LX-D1020 with Housing,34.55,Was: £38.8211% off
JVC DLA-RS1U Original inside lamp - Replaces BHL-5009-S,49.85,or Best Offer
PROJECTOR JVC L1561 Original inside lamp - BHL-5009,49.85,or Best Offer
PROJECTOR JVC L1561 Original inside lamp - BHL-5009,49.85,or Best Offer
Genuine JVC BHL-5006-S Original Projector Lamp Bulb with Housing,37.19,Was: £41.7811% off
BHL-5006 lamp / bulb for JVC projector. BHL5006,50.0,or Best Offer
Front Panel Plastic for Lens for JVC DLA-X500RBU Projector,30.98,or Best Offer
PerkinElmer JVC DLA-M15U Xenon Bare Bulb,32.86,or Best Offer
Genuine Epson Original Projector Lamp Bulb for JVC LX-D3000Z LX-D3000ZU Housing,58.29,Was: £65.4911% off
RARE JVC RM-MQX1G Projector Remote Control Works With JVC DLA-QX1G & Others,63.81,Buy it now
JVC DLA-QX1G Original OEM Power Cable FREE SHIPPING,63.81,Buy it now
MyProjectorLamps BHL-5010-S Black Projector Lamp For JVC DLA-RS10 & DLA-HD350,56.33,or Best Offer
"JVC Projector Ballast Repair Or Service. DLA-X3, X7,  X9, X30, X70, X90,",80.0,Buy it now
Victor JVC 3D synchro emitter for home theater projector PK-EM2 Black,82.91,or Best Offer
New listingJVC DLA-HD350 projector - with remote - has issue - please read,95.0,or Best Offer
Lamp for JVC DLA-X500RBU Projector,84.49,or Best Offer
jvc dla projector Ceiling mounted,125.0,or Best Offer
JVC projector Bulb Lamp DLA-X500R x700 x900 genuine bulb with housing,119.0,or Best Offer
Genuine OEM JVC PK-L3715U1 PK-L3715UW Projector Lamp Bulb With Housing Original,132.45,Was: £148.8211% off
JVC DLA-X/RS Series Projector Chassis Parts White Conversion Kit,152.21,Buy it now
JVC D-ILA DLA-X3-WE Projector 1080P,199.99,or Best Offer
JVC DLA-G10-LAMP -  Projector Lamp and Housing Tested Working,164.31,or Best Offer
Sony 3 LCD VPL EX5 Era data projector 363 Lamp hours Used Fully,59.99,or Best Offer
Rare Vintage SONY CPJ-A300E LCD Projector  - Tested/ Works,200.0,or Best Offer
"Sony VPL-ES2 LCD Projector With Remote, Working",40.0,Buy it now
Sony Projector White - RS-232C Home Cinema Movie Projector,39.95,Buy it now
Sony VPL-FH36 HDMI Data Projector TESTED WORKING 6 HOURS USE LAMP MANY INPUTS 1i,188.88,Buy it now
Sony VPL-CX21 3LCD Portable Projector w' remote - Unknown Hours - unboxed - used,24.99,Buy it now
Sony Data Projector VPL-FH30 (Industrial grade projector),175.0,"Time left1d 16h left (Fri, 11:01)"
Sony VPL-CX21 3LCD Portable Projector XGA 1080i -250 Hours with Case & Remote,41.99,or Best Offer
Sony Video Projector - VPL-EX7 - *ONLY 782 Lamp HOURS* From NEW - BRIGHT Image ,57.99,or Best Offer
SONY MP-CD1 Mobile Projector Black Built-in Battery Compact Slim Portable Used,153.51,Buy it now
Sony  Projector VPL-EX7  Home Cinema Tv Outdoors,35.0,or Best Offer
"Sony Data Projector VPL-DW240 With Bag And Cables, Only Used 179 Lamp Hours",50.0,or Best Offer
Sony Projector VPL DW122,73.0,Buy it now
Sony Data Projector SVGA Model VPL-ES3 Black with Carrying Case,27.0,Buy it now
SONY VPL-PX1 LCD PROJECTOR,14.95,Buy it now
Sony Video Projector Vpl W400 Grey,24.99,Buy it now
"Projector Sony VPL-EW255. Home cinema, gaming, conference room, classroom ",120.0,or Best Offer
"Sony 720p Projector VPL-VW10HT. w/ HDMI Adaptor, Peli Case + Extra Bulb. Used",80.0,"Time left2d 15h left (Sat, 10:16)"
Sony Projector Made In Japan. Remote Control. Hakuba Metallic Case,39.0,or Best Offer
SONY VPL-EX225 HD HDMI Projector - 2238 Lamp Hours Used Tested and Working,69.99,or Best Offer
Sony VPL-EW435,100.0,or Best Offer
"Sony LCD Data Projector VPL-EX100 White - Tested & Working, No Remote Incl.",55.99,Buy it now
Sony VPL-CX21 3LCD Portable Projector XGA 1080i,35.0,Buy it now
Sony SVGA VPL-CS2 Projector with carry case accessories 498 Lamp hours used,54.99,or Best Offer
Sony VPL-CX21 3LCD Portable Projector - Unknown Hours ,31.49,or Best Offer
Sony VPL-EX1 LCD Data Projector,20.0,or Best Offer
Sony VPL-EX100 XGA Home Cinema Projector - 15 Lamp Hours,59.99,Buy it now
Sony VPL-ES5 Projector,110.0,Buy it now
Sony Video Projector - VPL-EX7 - 3541 Lamp Hours Used,33.59,or Best Offer
"Sony VPL-CX5 LCD Projector  ,used  483 Hours - No Remote",30.0,or Best Offer
SONY CPJ-D500 LCD Projector with psu tested,40.99,RRP £49.9918% off
Sony VPL-CX21 3LCD Portable Projector XGA 1080i -44 Hours,50.0,Buy it now
Sony Projector VPL-CS3,50.0,or Best Offer
Sony Cineza Projector System vpl-hs1,59.99,or Best Offer
"Sony XGA VPL CX21 Projector with Cables, Remote Control, Disc & Remote Control",30.0,or Best Offer
SONY VPL-EX226 HDM1 Projector 3993 Lamp hrs used Working needs new lamp + filter,59.99,or Best Offer
Sony Data Projector SVGA Model VPL-ES3 Black with Carrying CaseCharity item,50.0,Buy it now
"Sony Projector , Model:VPL-CX5 , No Remote, With original bag & cables",24.99,or Best Offer
Sony Cineza Projector System,99.0,Buy it now
Sony VPL-ES3 Projector 195 Lamp Hours Used VGA RS-232C S-Video Tested + Working,89.99,or Best Offer
Sony VPL-EX100 LCD Projector White - Tested & Working,44.99,Buy it now
New listingSony VPL-HS2 Cineza Home Cinema Theatre Projector,59.0,"Time left6d 3h left (Tue, 22:51)"
Sony 3 LCO Bright Era data projector VPL EX5 with leads - WORKING,49.99,or Best Offer
Sony Projector WXGA VPL-276Charity item,125.0,or Best Offer
" projector vpl-Sony Black, desk top. Short throw projection affordable quality.",45.99,Buy it now
Sony VPL-CS7 Projector + Extras/Accessories (725hrs lamp hours),50.0,or Best Offer
Sony VPL CX21 Portable Projector,55.0,Buy it now
"Sony Projector VPL-CS1 SVGA LCD. Remote, Bag, Manuals & Cables. 285 Lamp Hours.",84.99,or Best Offer
SONY SVGA LCD DATA PROJECTOR--MODEL; VPL-CS1--240 V--USED Tested And Working ,48.0,Buy it now
Sony VPL-DW120 WXGA 2600 Lumen Projector With Carry Case - 55 Lamp Hours £1350,125.0,or Best Offer
Sony VPL-DW126 WXGA 2600 Lumen Projector With Carry Case - 55 Lamp Hours,149.99,Buy it now
SONY VPL-CX5 2000 Lumen Projector 926 Lamp hours used Working & Tested,69.99,or Best Offer
Sony Data Projector VPL-EX7 75 Hours Used Home Cinema Tv Outdoors,34.99,Buy it now
Sony Portable Projector VPL-EX4 3LCD Projector XGA,57.87,Buy it now
